ID,Title,Location,Link
35f0a25dee5f3312,딥러닝 알고리즘 및 응용 Engineer,성남 분당구,https://kr.indeed.com/viewjob?jk=35f0a25dee5f3312
8e91aa6c93de1790,딥엑스 NPU SDK (DXNN) 개발 엔지니어,성남 분당구,https://kr.indeed.com/viewjob?jk=8e91aa6c93de1790
46da8199d58ac00c,[TmaxAI/R&D] NLP/음성 부문 AI모델 개발자(*전문연구요원 병역특례포함),성남 분당구,https://kr.indeed.com/viewjob?jk=46da8199d58ac00c
23dba89edb8a10d9,UX Researcher,대한민국,https://kr.indeed.com/viewjob?jk=23dba89edb8a10d9
e7ec3543dbb3cdeb,[TmaxEdu/R&D] Edu 연구 개발자,성남 분당구,https://kr.indeed.com/viewjob?jk=e7ec3543dbb3cdeb
a91e307a449bbf1f,"Charging Operations Specialist, APAC Charging (English Speak...",서울 강남구,https://kr.indeed.com/viewjob?jk=a91e307a449bbf1f
d37ee1c76b41a9aa,[기술본부] 데이터거버넌스 엔지니어,경기도 성남,https://kr.indeed.com/viewjob?jk=d37ee1c76b41a9aa
d467657b9fac7fc9,[Data] 분석 데이터 엔지니어,성남 분당구,https://kr.indeed.com/viewjob?jk=d467657b9fac7fc9
b3c3e8cf34bf9eca,Machine Learning Researcher (Computer Vision),서울,https://kr.indeed.com/viewjob?jk=b3c3e8cf34bf9eca
ea23e376c32ece8b,Data Scientist (KOREA),충청북도 청주,https://kr.indeed.com/viewjob?jk=ea23e376c32ece8b
5fe21ceab5a3ce0b,연구소 R&D 인프라 운영,성남 분당구,https://kr.indeed.com/viewjob?jk=5fe21ceab5a3ce0b
e1f07ba580132402,[TmaxOS/R&D] OS부문 개발자,성남 분당구,https://kr.indeed.com/viewjob?jk=e1f07ba580132402
77a79f333becb836,클라우드 엔지니어,성남 분당구,https://kr.indeed.com/viewjob?jk=77a79f333becb836
f77f9abb42c655b7,[네이버계열사][NIT Service] 네이버 파이낸셜 플랫폼 운영,성남 분당구,https://kr.indeed.com/viewjob?jk=f77f9abb42c655b7
fb51d9bebe741157,LINE Ads - Data Analyst NEW,대한민국,https://kr.indeed.com/viewjob?jk=fb51d9bebe741157
804b9353ac2b5dfe,페이코 빅데이터 엔지니어링,성남 판교역,https://kr.indeed.com/viewjob?jk=804b9353ac2b5dfe
df1a4900d5aaae78,경남 인공지능/블록체인 교육과정 (2022 ICT이노베이션스케워 확산 사업),대한민국,https://kr.indeed.com/viewjob?jk=df1a4900d5aaae78
97e9de2381da633d,Kafka 담당자 영입,성남 분당구,https://kr.indeed.com/viewjob?jk=97e9de2381da633d
a6ccd440c6c74b6a,Staff Data Analyst (Eats Strategy),서울,https://kr.indeed.com/viewjob?jk=a6ccd440c6c74b6a
abdc136f65ceddd4,AI 분야,서울,https://kr.indeed.com/viewjob?jk=abdc136f65ceddd4
a2a775a9e48186f0,"[쿠팡물류] Staff, Data scientist (FTS)",서울,https://kr.indeed.com/viewjob?jk=a2a775a9e48186f0
aac8e9355cb855ac,[인재풀] 아티스트 ART,서울,https://kr.indeed.com/viewjob?jk=aac8e9355cb855ac
a28cfcec0a3ee874,LG이노텍 AI/BigData 석박사 신입사원/산학장학생,서울 강서구,https://kr.indeed.com/viewjob?jk=a28cfcec0a3ee874
38521115cdd8bd2e,[글로벌AI]인공지능(AI) Engineer,서울,https://kr.indeed.com/viewjob?jk=38521115cdd8bd2e
e13c32ba4eff23da,패션고 추천모델링 연구 개발,성남 판교역,https://kr.indeed.com/viewjob?jk=e13c32ba4eff23da
bf5697c849191acc,[넥슨코리아] 클라우드 데이터베이스 엔지니어,경기도 성남,https://kr.indeed.com/viewjob?jk=bf5697c849191acc
f54bac6c78fd3240,코딩에 빠진 수퍼 개발자 (펌웨어 개발),성남 수정구,https://kr.indeed.com/viewjob?jk=f54bac6c78fd3240
b5abb93aa30868f2,클라우드 소프트웨어 개발자,경기도 성남,https://kr.indeed.com/viewjob?jk=b5abb93aa30868f2
2d887b3032ebc835,"Associate Software Engineer, gReach Program for Veterans (보훈...",서울,https://kr.indeed.com/viewjob?jk=2d887b3032ebc835
872035f47cfd4850,자산운용팀 전략/리스크팀 퀀트(겨울방학 인턴),대한민국,https://kr.indeed.com/viewjob?jk=872035f47cfd4850
44f52ea73a6d25da,기술 문서 작성 전문가,성남 분당구,https://kr.indeed.com/viewjob?jk=44f52ea73a6d25da
679e7e7466c71a3e,Quantitative Research Intern,서울,https://kr.indeed.com/viewjob?jk=679e7e7466c71a3e
74dd680945a195f3,AI Frameworks Engineer Intern,서울,https://kr.indeed.com/viewjob?jk=74dd680945a195f3
637daa5067e55e6c,"의료영상, 인공지능 외 신입/경력 정규직, 인턴",서울 강남구,https://kr.indeed.com/viewjob?jk=637daa5067e55e6c
be6c1f03fa566f8e,추천 시스템 연구/개발,성남 판교역,https://kr.indeed.com/viewjob?jk=be6c1f03fa566f8e
68d62221f2d26c0e,(주)웨이브웨어 2021 년도 신입사원 (프로그래머),대전 유성구,https://kr.indeed.com/viewjob?jk=68d62221f2d26c0e
8a7c4886df34e482,Python 서버 어플리케이션 개발자,서울 송파구,https://kr.indeed.com/viewjob?jk=8a7c4886df34e482
7f33e49257ed8f4d,[한컴그룹 계열사] 헬스케어 서비스 개발자(정규직),성남 분당구,https://kr.indeed.com/viewjob?jk=7f33e49257ed8f4d
aa6f254ad2d9c8ed,[Cloud] 클라우드 엔지니어(보안),성남 분당구,https://kr.indeed.com/viewjob?jk=aa6f254ad2d9c8ed
b43f78f340314d3e,[코어라인소프트] 인공지능 엔진 및 영상처리 개발자 찾습니다.,서울 마포구,https://kr.indeed.com/viewjob?jk=b43f78f340314d3e
78e77be539dbf026,[정보보안] 모의해킹[책임매니저],대한민국,https://kr.indeed.com/viewjob?jk=78e77be539dbf026
058e9510f9548e49,인공지능(딥러닝) 로봇 자동화 소프트웨어 개발자(Python우대),서울 성수동1가,https://kr.indeed.com/viewjob?jk=058e9510f9548e49
3f942ebf840f7acd,한국통계정보원 통계 분야 직원(경력),대전 서구,https://kr.indeed.com/viewjob?jk=3f942ebf840f7acd
9a9bd236f2d05ff3,Python 기반 빅데이터분석가,서울 방배동,https://kr.indeed.com/viewjob?jk=9a9bd236f2d05ff3
ce3f27c4db0d1d95,"2022년 현대건설 기술연구원 신사업(수소/CCUS), 플랜트 및 스마트건설 경력직 채용",대한민국,https://kr.indeed.com/viewjob?jk=ce3f27c4db0d1d95
87309d3ff40ead61,딥러닝 AI 개발 연구원,성남 수정구,https://kr.indeed.com/viewjob?jk=87309d3ff40ead61
807cfa585cf72eec,네이버 파이낸셜 플랫폼 운영,성남 서현동,https://kr.indeed.com/viewjob?jk=807cfa585cf72eec
eb926fc0cbbd16d1,"응용프로그램개발,인공지능(AI),머신러닝,Python,TensorFlow",서울 역삼동,https://kr.indeed.com/viewjob?jk=eb926fc0cbbd16d1
f8fe6fe8d5e8f401,"Student Training in Engineering Program (STEP) 2022, People...",대한민국,https://kr.indeed.com/viewjob?jk=f8fe6fe8d5e8f401
fd781b9ceff1df86,GNSS/GPS Positioning Solution Engineer,서울,https://kr.indeed.com/viewjob?jk=fd781b9ceff1df86
d817970725257c48,Machine Learning Engineer,서울,https://kr.indeed.com/viewjob?jk=d817970725257c48
0110c83e312003be,2022년 메타버스 아카데미 1기 교육생 추가,성남 분당구,https://kr.indeed.com/viewjob?jk=0110c83e312003be
22dd1d585de8bf7d,"2022년 하반기 6개월 인턴 개발, 품질테스트, 유지관리",성남 분당구,https://kr.indeed.com/viewjob?jk=22dd1d585de8bf7d
24d38e6721dfb0e4,백엔드 개발자(Python),서울 서초구,https://kr.indeed.com/viewjob?jk=24d38e6721dfb0e4
f870e8c6ab4babcf,데이터 엔지니어/클라우드 엔지니어/데이터 플랫폼 개발분야 경력사원,서울특별시,https://kr.indeed.com/viewjob?jk=f870e8c6ab4babcf
afaa6e84150cf24c,이엔유주식회사 소프트웨어 개발자 신입 인재,대전 유성구,https://kr.indeed.com/viewjob?jk=afaa6e84150cf24c
0cb4a784529cb1b8,Software Engineer,서울,https://kr.indeed.com/viewjob?jk=0cb4a784529cb1b8
3415a2ec10f41d98,[램플코딩학원] 온오프라인 코딩 강사,대전 서구,https://kr.indeed.com/viewjob?jk=3415a2ec10f41d98
ad8aeb7f2e7a4858,디지털전략본부 경력직 공개(하반기),서울 영등포구,https://kr.indeed.com/viewjob?jk=ad8aeb7f2e7a4858
4cf24d3dd5919469,딥러닝 기반 Computer Vision 개발자,서울 중구,https://kr.indeed.com/viewjob?jk=4cf24d3dd5919469
2642a83874ea6bab,"영상처리, 컴퓨터 비전 전문가 (신입/경력)",성남 수정구,https://kr.indeed.com/viewjob?jk=2642a83874ea6bab
6039166822dfd1c1,한글과컴퓨터 2022년 신입/경력직 수시,성남 분당구,https://kr.indeed.com/viewjob?jk=6039166822dfd1c1
bd4560a615f241cc,[일 7시간] PHP 웹 백엔드 개발자,성남 분당구,https://kr.indeed.com/viewjob?jk=bd4560a615f241cc
1601f1bfe3302af5,2022년 상반기 백엔드 개발자,성남 분당구,https://kr.indeed.com/viewjob?jk=1601f1bfe3302af5
24f7ae52e66335af,[무료교육/취업연계/추가중] 2022년 기업멤버십 SW캠프 교육생 (빅데이터/메타버스/로봇/인공지능),대전,https://kr.indeed.com/viewjob?jk=24f7ae52e66335af
78e99625e5de3c95,전문연구요원 (병역특례) 수시 (AI / HW 분야),성남 분당구,https://kr.indeed.com/viewjob?jk=78e99625e5de3c95
37f51a8d4e34cfce,[넥슨코리아] 클라우드 시스템 엔지니어,경기도 성남,https://kr.indeed.com/viewjob?jk=37f51a8d4e34cfce
bf926e1e103f39b1,[정보보안] 침해대응[매니저],대한민국,https://kr.indeed.com/viewjob?jk=bf926e1e103f39b1
84fdcc3c8a8cf47f,퀀트운용본부 직원(신입 및 인턴),대한민국,https://kr.indeed.com/viewjob?jk=84fdcc3c8a8cf47f
a8a2e292ef8b0528,(신입/인턴) 리서치 사회조사 연구원,서울 성동구,https://kr.indeed.com/viewjob?jk=a8a2e292ef8b0528
67c19d7ac0857ecd,빅데이터 분야,서울,https://kr.indeed.com/viewjob?jk=67c19d7ac0857ecd
f544b8043a0cede5,Data Scientist,서울,https://kr.indeed.com/viewjob?jk=f544b8043a0cede5
889ce94eaaf84122,[NAVER Z] 데이터 엔지니어,성남 분당구,https://kr.indeed.com/viewjob?jk=889ce94eaaf84122
41d1e4ce3b59c571,교원투어 7월 정기,서울특별시,https://kr.indeed.com/viewjob?jk=41d1e4ce3b59c571
762f4670e39d3075,전산전문인력(~7/24),대한민국,https://kr.indeed.com/viewjob?jk=762f4670e39d3075
d83fc0dd2641f483,전문연구요원 (병역특례) 수시 (AI / SW 분야),성남 분당구,https://kr.indeed.com/viewjob?jk=d83fc0dd2641f483
5ea9ea023c6ccc03,"S/W 엔지니어, 데이터분석 신입/경력 정규직, 인턴",성남 분당구,https://kr.indeed.com/viewjob?jk=5ea9ea023c6ccc03
212d0e7afa2d6cfa,프로그래머 -java/jsp/c#/python,대전 중구,https://kr.indeed.com/viewjob?jk=212d0e7afa2d6cfa
1015284880e2ff62,라인프렌즈 2022년 각 부문 수시,서울 용산구,https://kr.indeed.com/viewjob?jk=1015284880e2ff62
fe369e62505e7be4,신입/경력사원,서울 마곡역,https://kr.indeed.com/viewjob?jk=fe369e62505e7be4
e30fe92d72ceb17c,"자율 주행, 로봇 SW 개발자",성남 수정구,https://kr.indeed.com/viewjob?jk=e30fe92d72ceb17c
be6e40465e851e7d,[외국계상장사]데이터분석가(Data Analyst),서울,https://kr.indeed.com/viewjob?jk=be6e40465e851e7d
5133adebeb209d23,AI 모빌리티 서비스의 미래 함께 열어갈 우수한 인재 찾습니다.,성남 분당구,https://kr.indeed.com/viewjob?jk=5133adebeb209d23
35c2ac41489508c1,NPU 런타임 SW 엔지니어,성남 분당구,https://kr.indeed.com/viewjob?jk=35c2ac41489508c1
44e9ac7f0f94e784,한국필립모리스 2022년 상반기 수시,서울 영등포구,https://kr.indeed.com/viewjob?jk=44e9ac7f0f94e784
b81ddcc3978545fa,Application Engineer Korea,충청북도 청주,https://kr.indeed.com/viewjob?jk=b81ddcc3978545fa
8a72a54b3c4dd7c9,디지털융합사업 스마트테크부문 7월 정기,서울특별시,https://kr.indeed.com/viewjob?jk=8a72a54b3c4dd7c9
583807d26c2f86cb,디지털융합사업 AI-DX 센터 7월 정기,서울특별시,https://kr.indeed.com/viewjob?jk=583807d26c2f86cb
d364360d1e0368e3,Python 기반 빅데이터 처리 개발자,서울 서초구,https://kr.indeed.com/viewjob?jk=d364360d1e0368e3
0d571c647c477c68,[선행기술원] Virtual검증 _ 검증/해석[책임연구원],성남 판교역,https://kr.indeed.com/viewjob?jk=0d571c647c477c68
941687b6bbb14d81,웹 개발자 경력 Java/Php/Javascript/Python/Html/CSS 등 프로젝트 경력자,대전 서구,https://kr.indeed.com/viewjob?jk=941687b6bbb14d81
2b9e604e63e7e46d,[카카오커머스] 기술직군,성남 분당구,https://kr.indeed.com/viewjob?jk=2b9e604e63e7e46d
0e26e1dda4b9970b,악성코드 및 엔드포인트 보안 엔지니어 모집,성남 판교역,https://kr.indeed.com/viewjob?jk=0e26e1dda4b9970b
b7e9e9d0811a05bd,Application Engineering Intern,서울,https://kr.indeed.com/viewjob?jk=b7e9e9d0811a05bd
e0a4a749c585325e,2022 하반기 DGB금융지주 전문직 요강,서울 중구,https://kr.indeed.com/viewjob?jk=e0a4a749c585325e
e742db63ad7e269f,프론트엔드 개발자/디자이너/기획/마케터 정직원,성남 수정구,https://kr.indeed.com/viewjob?jk=e742db63ad7e269f
67ebbb84021efd24,2022년 하반기 현대건설기계 경력사원 (건설기계 3社),성남 분당구,https://kr.indeed.com/viewjob?jk=67ebbb84021efd24
659e8fe1fe7f9089,Data/Digital Analyst,서울,https://kr.indeed.com/viewjob?jk=659e8fe1fe7f9089
13ef6f86810c0843,"2022년 상반기 주식회사 쏘마 전 개발 직군 (백엔드, 프론트엔드 외 신입/경력 정규직)",성남 분당구,https://kr.indeed.com/viewjob?jk=13ef6f86810c0843
d304f093d88aae7f,"[2022-07, 2차] 각 부문 신입/경력사원",천안 동남구,https://kr.indeed.com/viewjob?jk=d304f093d88aae7f
ac9068957c550cb3,데이터 전문가(모델러/분석가/엔지니어) 모집,성남 판교역,https://kr.indeed.com/viewjob?jk=ac9068957c550cb3
889baec0ca9be0ff,고려대학교 데이터Hub팀 데이터 사이언티스트 모집 공고,대한민국,https://kr.indeed.com/viewjob?jk=889baec0ca9be0ff
356779182611406f,AI 솔루션팀-NLP 경력 채용,서울,https://kr.indeed.com/viewjob?jk=356779182611406f
4ed6582dcb0007db,전남 ICT이노베이션스퀘어 5기,서울,https://kr.indeed.com/viewjob?jk=4ed6582dcb0007db
43f8edb38c7888c7,[위메프오] 백엔드개발자,대한민국,https://kr.indeed.com/viewjob?jk=43f8edb38c7888c7
016de9bb83a8032d,JR0186078 AI Research Engineer Intern,서울,https://kr.indeed.com/viewjob?jk=016de9bb83a8032d
0dad27533fee10c3,[마블러스] 백엔드 개발자 주니어/시니어,대한민국,https://kr.indeed.com/viewjob?jk=0dad27533fee10c3
287a2f9783758916,한국행동과학연구소 각 부문 수시,서울 강남구,https://kr.indeed.com/viewjob?jk=287a2f9783758916
07aab0cc98af9ffe,AI Frameworks Engineer,서울,https://kr.indeed.com/viewjob?jk=07aab0cc98af9ffe
5d851b91a8c9e8d2,[선행기술원] Optimization[책임연구원],성남 판교역,https://kr.indeed.com/viewjob?jk=5d851b91a8c9e8d2
2f4a4b2eb45a293c,[Global AI]Backend engineer,서울,https://kr.indeed.com/viewjob?jk=2f4a4b2eb45a293c
4e3b4e13098d5aa1,[위메프서비스] 서비스 통계 개발자,대한민국,https://kr.indeed.com/viewjob?jk=4e3b4e13098d5aa1
6d4c339f382395ab,Technical Support Engineering-AKS,서울,https://kr.indeed.com/viewjob?jk=6d4c339f382395ab
8d82ffc3587320ea,ML/DL Data Scientist,서울 영등포구,https://kr.indeed.com/viewjob?jk=8d82ffc3587320ea
25ee70199f5b287c,스마트팩토리 데이터 운영전략 및 관리[매니저],대한민국,https://kr.indeed.com/viewjob?jk=25ee70199f5b287c
4800ed0bd1febca9,"Customer Engineer, Data Analytics, Google Cloud",서울,https://kr.indeed.com/viewjob?jk=4800ed0bd1febca9
df0bb90702bee2ac,클라우드 기술지원 엔지니어,성남 판교역,https://kr.indeed.com/viewjob?jk=df0bb90702bee2ac
3cd339cf8959f44d,생명정보학 부문 박사졸 선임연구원 정규직 정규직,서울 서대문구,https://kr.indeed.com/viewjob?jk=3cd339cf8959f44d
9c30497c087dbdbb,Data Scientist,서울 마포구,https://kr.indeed.com/viewjob?jk=9c30497c087dbdbb
b0d41c1e1d898321,BRAIN Research Intern,서울,https://kr.indeed.com/viewjob?jk=b0d41c1e1d898321
1821f45d4b71b3d8,클라우드 보안 엔지니어,서울 영등포구,https://kr.indeed.com/viewjob?jk=1821f45d4b71b3d8
51b4480aad895162,AI 영상처리 알고리즘 개발자,성남 분당구,https://kr.indeed.com/viewjob?jk=51b4480aad895162
6bf4082df7c99159,[글로벌디지털마케팅] 디지털 데이터 분석 및 운영 담당자 정규직,성남 분당구,https://kr.indeed.com/viewjob?jk=6bf4082df7c99159
c958cac61618994e,[위메프] 보안개발 엔지니어,대한민국,https://kr.indeed.com/viewjob?jk=c958cac61618994e
6d86e9f32d31c84f,Data 분야 경력,서울,https://kr.indeed.com/viewjob?jk=6d86e9f32d31c84f
4c25d6649f8434a8,[외국계 스타트업 미소] Business Analyst Intern (정규직 전환형),서울,https://kr.indeed.com/viewjob?jk=4c25d6649f8434a8
ccd1d43784d307da,AWS 클라우드엔지니어,서울 마포구,https://kr.indeed.com/viewjob?jk=ccd1d43784d307da
3a7627d63e147bb0,[IT] 고객데이터 서비스 플랫폼 기획[책임매니저],대한민국,https://kr.indeed.com/viewjob?jk=3a7627d63e147bb0
f10f40f07ee55b7d,[진행중] 빅데이터사업부 전문직(데이터 사이언티스트) 채용공고,서울 회현동,https://kr.indeed.com/viewjob?jk=f10f40f07ee55b7d
89c23b02ca0b2a2a,Anti-Cheat Developer,서울,https://kr.indeed.com/viewjob?jk=89c23b02ca0b2a2a
4abf59df14cb4390,서버 개발자 Python(Django) Developer (주니어),서울 마포구,https://kr.indeed.com/viewjob?jk=4abf59df14cb4390
028f37ec9f6509a9,게임 데이터 서비스/플랫폼 개발,성남 판교역,https://kr.indeed.com/viewjob?jk=028f37ec9f6509a9
c17577c26003e389,반도체 Global Verification Project Manager,성남 분당구,https://kr.indeed.com/viewjob?jk=c17577c26003e389
4378fee2c37a2b21,"Software Engineer, Machine Learning Model Optimization",서울,https://kr.indeed.com/viewjob?jk=4378fee2c37a2b21
38f82e7684c5f772,BI/DW 분야 경력자,서울 마포구,https://kr.indeed.com/viewjob?jk=38f82e7684c5f772
91675c17d1d0dbd8,프론트엔드(신입) 개발자 /충주,충청북도 충주,https://kr.indeed.com/viewjob?jk=91675c17d1d0dbd8
69d3cc2cca262747,Machine Learning Engineer Intern - Korea,서울,https://kr.indeed.com/viewjob?jk=69d3cc2cca262747
ce8d603fe0a68951,"C#, 소프트웨어 or Python 기반 응용 S/W 개발 신입/경력",서울 금천구,https://kr.indeed.com/viewjob?jk=ce8d603fe0a68951
8aeb9fba903bf062,Unity 클라이언트 프로그래머,대구 중구,https://kr.indeed.com/viewjob?jk=8aeb9fba903bf062
78f7bb4777a302e9,[선행기술원] Quantum Information - 양자 알고리즘[책임연구원],성남 판교역,https://kr.indeed.com/viewjob?jk=78f7bb4777a302e9
22ffe020e40de675,[포티투마루] 인공지능(AI) 개발자 전 부문,서울 서초구,https://kr.indeed.com/viewjob?jk=22ffe020e40de675
af846ce8ea8351ab,"Software Engineer, Camera 3A",서울,https://kr.indeed.com/viewjob?jk=af846ce8ea8351ab
8cfd75acb1c8da0b,Backend 개발,서울 영등포구,https://kr.indeed.com/viewjob?jk=8cfd75acb1c8da0b
9599ecb61b39136a,웹 스크래핑 개발자 영입,성남 분당구,https://kr.indeed.com/viewjob?jk=9599ecb61b39136a
303d8c644a5f2e0f,DNN 모델 개발 엔지니어,성남 분당구,https://kr.indeed.com/viewjob?jk=303d8c644a5f2e0f
ca5b2f6d10c6f5b2,[데이터 프로덕트] MLOps 개발자,성남 판교역,https://kr.indeed.com/viewjob?jk=ca5b2f6d10c6f5b2
4ef5038b18071f9a,Sensor Fusion Engineer,서울,https://kr.indeed.com/viewjob?jk=4ef5038b18071f9a
e1d49946b7581e37,[선행기술원] Quantum Information[책임연구원],성남 판교역,https://kr.indeed.com/viewjob?jk=e1d49946b7581e37
8a6b6ce0b31ec8d4,클라우드 분야 경력,서울,https://kr.indeed.com/viewjob?jk=8a6b6ce0b31ec8d4
646a73fa5c463127,[선행기술원] AI 학습 보안 기술[책임연구원],성남 판교역,https://kr.indeed.com/viewjob?jk=646a73fa5c463127
547f3779e9910dfa,ITエンジニア,서울,https://kr.indeed.com/viewjob?jk=547f3779e9910dfa
444288027a1342bf,LINE Ads - Data Engineer NEW,대한민국,https://kr.indeed.com/viewjob?jk=444288027a1342bf
b515669e8032265b,[kt ds] 2022년 각 부문별 경력사원 수시,서울 서초구,https://kr.indeed.com/viewjob?jk=b515669e8032265b
4721ceaf47437a8b,BI팀 채용,용인 기흥구,https://kr.indeed.com/viewjob?jk=4721ceaf47437a8b
508bdf77df4f3973,AI 차세대 알고리즘 개발 분야 경력,서울 서초구,https://kr.indeed.com/viewjob?jk=508bdf77df4f3973
8e8514f7d5b659f6,"스팸 및 어뷰징 분석/대응(서버개발, 머신러닝)",성남 판교역,https://kr.indeed.com/viewjob?jk=8e8514f7d5b659f6
40baa14219309953,[Data] 데이터 엔지니어 (플랫폼),성남 분당구,https://kr.indeed.com/viewjob?jk=40baa14219309953
4dbf4923a44f62af,[선행기술원] Virtual검증_HILS 분야[책임연구원],성남 판교역,https://kr.indeed.com/viewjob?jk=4dbf4923a44f62af
f3b252243810377e,"(보충역) 개발자(python, javascript, php등) 및 Network운영자",서울,https://kr.indeed.com/viewjob?jk=f3b252243810377e
50235bc505df94a5,'22년 한화시스템 방산부문 채용 석/박사 신입 및 경력 (HW 분야),서울,https://kr.indeed.com/viewjob?jk=50235bc505df94a5
19f161e376c51680,[신용리스크모델링] 개인/개인사업자 신용평가모형 개발 및 운영 담당자,성남 분당구,https://kr.indeed.com/viewjob?jk=19f161e376c51680
135ebaa09a535c7e,패션고 추천 플랫폼 개발/데이터 엔지니어링,성남 판교역,https://kr.indeed.com/viewjob?jk=135ebaa09a535c7e
26576e5d399219b1,"With 청년, 취업 Catch Up 프로그램 참여자",성남 수정구,https://kr.indeed.com/viewjob?jk=26576e5d399219b1
192c20f6f0f64ab3,[2022 전문연구요원] AI R&D - Language AI,성남 판교역,https://kr.indeed.com/viewjob?jk=192c20f6f0f64ab3
544b2256bba22413,Data Engineer & Scientist,서울 영등포구,https://kr.indeed.com/viewjob?jk=544b2256bba22413
315e5c429d93e367,[재무지원그룹] Oracle ERP FCM 운영,경기도 성남,https://kr.indeed.com/viewjob?jk=315e5c429d93e367
f33c19e6d88a3d40,"임베디드(Embedded), Linux 외 신입/경력 정규직, 계약직, 인턴",대전 유성구,https://kr.indeed.com/viewjob?jk=f33c19e6d88a3d40
26c133b0874ce9ce,[Cartier] Data Analyst,서울,https://kr.indeed.com/viewjob?jk=26c133b0874ce9ce
e91c471919127ddc,[무료교육/취업지원] 데이타 분석가 / 웹풀스택 개발자 과정 교육생,성남 분당구,https://kr.indeed.com/viewjob?jk=e91c471919127ddc
e98453c26cc07c3b,Staff Data Engineer (Pricing Competitor Intelligence),서울,https://kr.indeed.com/viewjob?jk=e98453c26cc07c3b
3dc3c01d7b34255a,[SNOW] 렌더링 엔진 개발자,성남 분당구,https://kr.indeed.com/viewjob?jk=3dc3c01d7b34255a
4d629fc25872003f,[SNOW] 렌더링 엔진 개발자,서울,https://kr.indeed.com/viewjob?jk=4d629fc25872003f
3c177bbc6292d9a8,데이터 분석가 정규직,서울 강서구,https://kr.indeed.com/viewjob?jk=3c177bbc6292d9a8
e9007931b4a43a58,[Security] 보안 데이터 분석가,성남 분당구,https://kr.indeed.com/viewjob?jk=e9007931b4a43a58
ad695cb2c767be8b,AI Research Engineer Intern,서울,https://kr.indeed.com/viewjob?jk=ad695cb2c767be8b
44e944e8b8968bd6,CO2 and Energy Manager,성남 판교역,https://kr.indeed.com/viewjob?jk=44e944e8b8968bd6
a0174d4b28f83aa4,[SuperLabs] AI 개발자,성남 분당구,https://kr.indeed.com/viewjob?jk=a0174d4b28f83aa4
c84864913fef0259,[2022 전문연구요원] AI R&D – Applied AI,성남 판교역,https://kr.indeed.com/viewjob?jk=c84864913fef0259
f94102acc758f433,Explainable AI 연구 개발 신입 채용,성남 서현동,https://kr.indeed.com/viewjob?jk=f94102acc758f433
f8bfec7bfbdffd0a,애플리케이션 개발자&컨설턴트 정규직,서울 강남구,https://kr.indeed.com/viewjob?jk=f8bfec7bfbdffd0a
f4240c7bc5df592e,"[대기업] 딥러닝 (AI, 영상인식) 전문가 (석박사급)",서울,https://kr.indeed.com/viewjob?jk=f4240c7bc5df592e
d91d8128558c087f,글로벌사업본부 멀티에셋팀 신입/경력사원,대한민국,https://kr.indeed.com/viewjob?jk=d91d8128558c087f
1f871deda8bbb58f,[선행기술원] AI 모델 데이터 최적화 기술[책임연구원],성남 판교역,https://kr.indeed.com/viewjob?jk=1f871deda8bbb58f
43b8170abbb59f88,Python 백엔드 개발,서울 강남구,https://kr.indeed.com/viewjob?jk=43b8170abbb59f88
d05ef478cc8a9f08,MongoDB 담당자 영입,성남 분당구,https://kr.indeed.com/viewjob?jk=d05ef478cc8a9f08
1399ee2f387a27dd,카카오 전체의 계정 플랫폼을 만들 서버개발자 모집,성남 판교역,https://kr.indeed.com/viewjob?jk=1399ee2f387a27dd
824d7d9b39776e09,[TmaxTibero/기술] DBMS 제품 QA,성남 분당구,https://kr.indeed.com/viewjob?jk=824d7d9b39776e09
defa6d34b48da188,AI/블록체인 개발자,서울 구로구,https://kr.indeed.com/viewjob?jk=defa6d34b48da188
8d8becaac19b958f,모바일 운영서비스 빌드/배포/테스트 자동화 개발자,서울 마포구,https://kr.indeed.com/viewjob?jk=8d8becaac19b958f
f94fd2fd0e93cb5c,[데이터 프로덕트] 데이터 엔지니어 모집,성남 판교역,https://kr.indeed.com/viewjob?jk=f94fd2fd0e93cb5c
84610059d3552ef1,(3200만이상/분당)만도연구소 소프트웨어 개발/검증 연구보조,성남 분당구,https://kr.indeed.com/viewjob?jk=84610059d3552ef1
bfdab41ec9b9469f,PM(서비스/개발),서울 영등포구,https://kr.indeed.com/viewjob?jk=bfdab41ec9b9469f
9b42d30ef3887123,제어 엔지니어 신입 (전문연구요원),서울 강남구,https://kr.indeed.com/viewjob?jk=9b42d30ef3887123
eb049045ae75e228,[Data] 백엔드 소프트웨어 엔지니어,성남 분당구,https://kr.indeed.com/viewjob?jk=eb049045ae75e228
8af26b37623864c4,8퍼센트 개발자 (신입/경력),서울 종로구,https://kr.indeed.com/viewjob?jk=8af26b37623864c4
65719695c5dcdffa,데이터 분석 담당_Junior,대한민국,https://kr.indeed.com/viewjob?jk=65719695c5dcdffa
fc037709d0770796,System SW 엔지니어,성남 분당구,https://kr.indeed.com/viewjob?jk=fc037709d0770796
8d542fd72e281ed4,스마트폰 어플리케이션(App) 경력 정규직,성남 분당구,https://kr.indeed.com/viewjob?jk=8d542fd72e281ed4
06fe2b4d14f3ad0d,[R&D] 딥러닝 엔지니어,성남 분당구,https://kr.indeed.com/viewjob?jk=06fe2b4d14f3ad0d
62207843f8aee746,"[광고 추천] 데이터 사이언스, 머신러닝 전문가 영입",성남 판교역,https://kr.indeed.com/viewjob?jk=62207843f8aee746
5b5d23ae896ffd7f,(주)어반유니온 시스템엔지니어 (#복지빵빵 #자유로운분위기 #자율출퇴근제),서울 중구,https://kr.indeed.com/viewjob?jk=5b5d23ae896ffd7f
29428afc2051cb99,IT사업 경력/신입 사원,서울 구로구,https://kr.indeed.com/viewjob?jk=29428afc2051cb99
9d0aa83c1e8f086e,카카오 전사QA 모집,성남 판교역,https://kr.indeed.com/viewjob?jk=9d0aa83c1e8f086e
ef04588a9878c2ce,LINE Wallet & Fintech - Business Analyst,대한민국,https://kr.indeed.com/viewjob?jk=ef04588a9878c2ce
0859d920f19f3e06,업계 최고 대우로 파이썬(Python) 개발자,서울 강남구,https://kr.indeed.com/viewjob?jk=0859d920f19f3e06
df89a191c84f2995,[NAVER Cloud] MLOps 서비스 개발,성남 분당구,https://kr.indeed.com/viewjob?jk=df89a191c84f2995
06fd3322fee19596,반도체 IP SoC Verification Engineer,성남 분당구,https://kr.indeed.com/viewjob?jk=06fd3322fee19596
ad9c760fdec88af5,품질 신입 채용,서울 한강로2가,https://kr.indeed.com/viewjob?jk=ad9c760fdec88af5
8e60094702b4fe05,웹시스템 및 솔루션 분야 프로그래머 및 웹퍼블리셔,서울 금천구,https://kr.indeed.com/viewjob?jk=8e60094702b4fe05
e19399a7d018febf,Desktop Software Engineer NEW,대한민국,https://kr.indeed.com/viewjob?jk=e19399a7d018febf
9e154b5b00d09b31,Software Engineer - Python and K8s,서울,https://kr.indeed.com/viewjob?jk=9e154b5b00d09b31
9a485175597a753c,Software Engineer,서울 강남구,https://kr.indeed.com/viewjob?jk=9a485175597a753c
05a2b906f5c7b51e,"전사 협업 플랫폼(Jira, Confluence, Slack) 운영 담당자 영입",성남 백현동,https://kr.indeed.com/viewjob?jk=05a2b906f5c7b51e
4b69eb611b528ef2,LINE Messaging Server Engineer NEW,대한민국,https://kr.indeed.com/viewjob?jk=4b69eb611b528ef2
ea23fdac1fec9112,[PPM솔루션 클로바인] 연구소 IT 테크 직군 선행연구 개발자,서울 강남구,https://kr.indeed.com/viewjob?jk=ea23fdac1fec9112
1f3840a5299a299e,"시가 및 대체평가, IT부문",대한민국,https://kr.indeed.com/viewjob?jk=1f3840a5299a299e
b74f68a04bfffecb,음성합성(TTS) 기술 전문가,서울 종로구,https://kr.indeed.com/viewjob?jk=b74f68a04bfffecb
42781bed59a9be95,연구개발본부 채용공고,서울 삼성동,https://kr.indeed.com/viewjob?jk=42781bed59a9be95
5feffe0fc30e44eb,데이터 엔지니어 (Data Engineer),서울 영등포구,https://kr.indeed.com/viewjob?jk=5feffe0fc30e44eb
02ebca8b68e245ba,동강엠텍(주) | [대전연구소] 하드웨어 엔지니어,대전 유성구,https://kr.indeed.com/viewjob?jk=02ebca8b68e245ba
2e471d0cf19be66c,Coupang Business Analyst (Non Tech),서울,https://kr.indeed.com/viewjob?jk=2e471d0cf19be66c
cdfd2d3169fac6f0,[데이터 프로덕트] 실험(A/B Test) 분석가 모집,성남 판교역,https://kr.indeed.com/viewjob?jk=cdfd2d3169fac6f0
f28f4b931feadb85,소프트웨어 개발 경력,성남 수정구,https://kr.indeed.com/viewjob?jk=f28f4b931feadb85
6d15c3420e935aea,AI 분야 경력,서울,https://kr.indeed.com/viewjob?jk=6d15c3420e935aea
58bd4ff93649a8fe,CTI 분석 경력직,성남 분당구,https://kr.indeed.com/viewjob?jk=58bd4ff93649a8fe
24c412fd53a99c94,Sr. Solution Consultant,서울,https://kr.indeed.com/viewjob?jk=24c412fd53a99c94
0e3512b9b52480ed,[선행기술원] AI 모델 경량화 기술 개발[책임연구원],성남 판교역,https://kr.indeed.com/viewjob?jk=0e3512b9b52480ed
5ab0b45dfa93411b,Data Engineer 신입사원,서울 강남구,https://kr.indeed.com/viewjob?jk=5ab0b45dfa93411b
595c29728f37c032,[도쿄일렉트론코리아] 2022년 상반기 2차 추가,경기도 화성,https://kr.indeed.com/viewjob?jk=595c29728f37c032
ac64fda2e281b835,"Software Engineer, People with Disabilities (장애인 채용)",서울,https://kr.indeed.com/viewjob?jk=ac64fda2e281b835
7b221453e5de306e,센서 실험실 엔지니어 인턴십 (12개월),서울 강남구,https://kr.indeed.com/viewjob?jk=7b221453e5de306e
b22adf00b47eaa32,AI Research Engineer,서울,https://kr.indeed.com/viewjob?jk=b22adf00b47eaa32
8ec361500ad0540e,인공지능(AI) 소프트웨어 개발 경력자,서울 마포구,https://kr.indeed.com/viewjob?jk=8ec361500ad0540e
0282c5728169ac62,데이터 애널리스트 (Data Analyst),서울 영등포구,https://kr.indeed.com/viewjob?jk=0282c5728169ac62
fbc48a4d15b2ad89,GIS Analyst South Korea,대한민국,https://kr.indeed.com/viewjob?jk=fbc48a4d15b2ad89
8d6a773105013ee1,"[리얼클래스]백엔드 개발자 (Backend Developer, Python)",서울 강남구,https://kr.indeed.com/viewjob?jk=8d6a773105013ee1
c06905fe61fc2dd6,Database Engineer (DBA),서울 중구,https://kr.indeed.com/viewjob?jk=c06905fe61fc2dd6
1174b224bed61f3d,[카카오 콘텐츠] 데이터 엔지니어 모집,대한민국,https://kr.indeed.com/viewjob?jk=1174b224bed61f3d
5e761f105a377ae8,Python 분석 인원 정규직 채용,서울 휘경동,https://kr.indeed.com/viewjob?jk=5e761f105a377ae8
bfe0f5ac4f32ec89,추천 통계분석/데이터사이언티스트 모집,성남 판교역,https://kr.indeed.com/viewjob?jk=bfe0f5ac4f32ec89
2252bd5d0ed5210a,"Full Stack Software Engineer, TensorFlow Extended (English)",서울,https://kr.indeed.com/viewjob?jk=2252bd5d0ed5210a
e764b919165b8d3e,데이터처리 플랫폼 개발자,성남 판교역,https://kr.indeed.com/viewjob?jk=e764b919165b8d3e
cd919aed133f6b4d,빅데이터분석 수시 채용,서울 을지로2가,https://kr.indeed.com/viewjob?jk=cd919aed133f6b4d
f0c7c08485085240,[마비노기모바일] 연구 개발 프로그래머,서울 강남구,https://kr.indeed.com/viewjob?jk=f0c7c08485085240
0edb2eb9346e0cae,"R&D Engineer, Staff",경기도 성남,https://kr.indeed.com/viewjob?jk=0edb2eb9346e0cae
19da3484bd7a72f1,Machine Learning R&D 연구원,서울 서초구,https://kr.indeed.com/viewjob?jk=19da3484bd7a72f1
503269b3ed64cb1f,[응용분석팀] 사용자 프로파일 연구 및 개발,성남 판교역,https://kr.indeed.com/viewjob?jk=503269b3ed64cb1f
595c1e4e65a2871b,2022년 상반기 SW엔지니어 및 신호처리엔지니어,서울 금천구,https://kr.indeed.com/viewjob?jk=595c1e4e65a2871b
554e814302b8a380,딥러닝 통한 인공지능 솔루션 개발자,서울 송파구,https://kr.indeed.com/viewjob?jk=554e814302b8a380
ccd195801ae326d8,Data Scientist,충청남도 천안,https://kr.indeed.com/viewjob?jk=ccd195801ae326d8
